headline,source
הממשלה אישרה את הצעת נתניהו להאריך את כהונת נציב שירות המדינה,Haaretz
"קל מאוד לא לחבב את טיילר פריץ, אבל הוא רחוק משחק אחד מלהיות גיבור לאומי",Haaretz
מבוכה לממשלת מלוני: שר הבריאות של איטליה התפטר לאחר שהודה שניהל רומן עם יועצת במשרדו,Haaretz
"דליק ווליניץ ציטט כותרות מ""הארץ"". רדיו דרום הפסיק לשדר את תוכניתו",Haaretz
"ההצגה ""נופל מחוץ לזמן"" ראויה, בעיקר עכשיו, אבל למה היא מוצגת במוזיאון?",Haaretz
"""כל מי שהוא שאל האם להגיע להופיע בפסטיבל ישראל אמר לו 'אל תעז'""",Haaretz
"בג""ץ הורה ללוין לכנס את הוועדה לבחירת שופטים לצורך מינוי נשיא לעליון",Haaretz
דוח חדש קובע: שידורי BBC הראו דפוס מובהק של הטיה נגד ישראל,Haaretz
"שר הביטחון גלנט בעזה: ""נחסל את החמאס ונשיג את החטופים""",IsraelHayom
עופר כסיף רצה לבקר בקריית שמונה - כך השיב לו ראש העיר שטרן,IsraelHayom
נפרדים מהקופסל: אליצור נתניה חונכת אולם חדש,IsraelHayom
האם תיקון טעות בצו הארנונה ייעשה רק לטובת הרשות המקומית ולא לטובת האזרח?,IsraelHayom
'פלסטיק' מיקינתון: איך אפשר להפוך את בעיית יקינתון המים ליתרון?,IsraelHayom
חברת תעופה נוספת מודיעה: נחזור לטוס לישראל,IsraelHayom
"תאונה באזור קפלן בת""א: רוכב אופניים כבן 60 נפגע באורח קשה",IsraelHayom
צפו: אליקו ולירז לוהטים במועדון,IsraelHayom
"מלחמת התודעה – כך פועלת איראן להשפעה על אזרחי ישראל: ""להחליף את ביבי בחטופים""",IsraelHayom
"לוין לאחר פסיקת בג""ץ: אחרים את נשיא העליון שייבחר",IsraelHayom
"הפיגוע במעבר אלנבי: האזהרה שלחיילים במקום ""אין נשקים"" לפני כשבועיים - ותגובת צה""ל",IsraelHayom
יאניק סינר רק חמישי: המרוויחים הגדולים בעולם הטניס ב-2024,IsraelHayom
"ג'ניפר לופז נחשפת: ""פאק איט""",IsraelHayom
"הזמרות הדתיות ועיריית תל אביב הגיעו לפשרה: מופע לנשים בלבד יתקיים ב""מרכז ענב""",IsraelHayom
היסטוריה משפחתית וגורמים גנטיים: כל מה שצריך לדעת על סרטן השחלה,IsraelHayom
9 דברים שהורים למבוגרים מצליחים מאוד עשו כשהם היו ילדים,IsraelHayom
"מחלקת הלוחמים החרדים הראשונה במג""ב סיימה הכשרה: ""מהלך פורץ דרך""",IsraelHayom
נשבר הלב: הסיבה שבגללה נפסלה זוכת מדליית הארד במרתון במשחקים הפראלימפיים,IsraelHayom
"תגובות להחלטת בג""ץ: השר קרעי כינה את ההחלטה ""בלתי חוקית"" - וקרא לאי-ציות",IsraelHayom
"עשבים, פרחים ורחת לוקום: בשמים חדשים בריחות מיוחדים",IsraelHayom
סופיה מצ'טנר בזוגיות חדשה,IsraelHayom
אף פעם לא מאוחר: עובדי אתר הפסולת שהחזירו לתושב את מפתחותיו שנזרקו לפח,IsraelHayom
תזכורת לאיום: דאעש הוציא להורג אזרחים בסוריה ותיעד את המעשה,IsraelHayom
שי לי עופרי נגד ספיר בורגיל,IsraelHayom
"מהפך: לא תאמינו איך כוכב ""חברים"" נראה עכשיו",IsraelHayom
הישראלים כובשים את פסטיבל ונציה,IsraelHayom
"מגיש הטלוויזיה חושף: ""אני עם התקפי חרדה – בדרך לאולפנים עצרתי להקיא שלוש פעמים""",IsraelHayom
"כולם אוהבים אותו: איך הקסם של ""הארי פוטר"" לא פג?",IsraelHayom
"בלי הפסקת המלחמה אף אחד לא יחזור, חוץ ממי שיחזרו בשקית שחורה",Haaretz
לחצות את הקושי: האתגרים המיוחדים של ילדים עם חיך ושפה שסועים,Haaretz
בגץ הורה ללוין: כנס בתוך שבועיים את הוועדה לבחירת שופטים לצורך בחירת נשיא לעליון,Haaretz
"סקר ניו יורק טיימס: דונלד טראמפ מוביל על קמלה האריס באחוז, ונתונים לא מעודדים למועמדת הדמוקרטית",Haaretz
"""נפתח לשעה ביום, זה לא יעשה כסף"": ה""פסטה נאצי"" חוזר עם לזניה. אולי",Haaretz
"שלושה נהרגו בפיגוע ירי במעבר אלנבי, המחבל נורה למוות",Haaretz
מחקר: עקבות דינוזאורים כמעט זהות אותרו בדרום אמריקה ובאפריקה,Haaretz
הגורמים המפתיעים האלה פוגעים לכם ולכן בפוריות,IsraelHayom
"העדות המחרידה להצתת רצת המרתון: ""רצה אליי בצעקות כשהיא נשרפת""",IsraelHayom
"בג""ץ פסק נגד לוין: יש לכנס את הוועדה למינוי שופטים באופן מיידי ולמנות נשיא לעליון",IsraelHayom
שופט שניסה לחטוף נשק וחבר פרלמנט שהבריח רובים: עשרות שנים של מתיחות במעבר אלנבי,IsraelHayom
"האתלט האיראני זכה בזהב, חגג עם תנועת שיסוף ראש - ונפסל מהמשחקים הפראלימפיים",IsraelHayom
"הבר היפני שחיכינו לו נפתח: ""רצינו שהמקום יבעט""",IsraelHayom
"משפחות התצפיתניות שנפלו בנחל עוז עתרו לבג""ץ: דורשות את התיעוד מהמשמרת האחרונה",IsraelHayom
"למה כדאי לשים לב? דו""חות הפנסיה בדרך אליכם עם בשורה משמחת",IsraelHayom
מינקות ועד גיל הזהב: כמה שעות שינה הגוף שלכם דורש?,IsraelHayom
"""ביטלג'וס ביטלג'וס"": אחד מסרטי ההמשך החולניים, המוצדקים והמוצלחים",IsraelHayom
בגיל 91: הכוכבת ההוליוודית היא סוויפטי גאה,IsraelHayom
"נתניהו בישיבת הממשלה: ""יש תפיסה שהדרך הנכונה היא להיכנע לחמאס, זה לא משקף את רוב הציבור""",IsraelHayom
"סכנה מיידית: הפלשתינים ידרשו להצביע באו""ם על לוח זמנים ל""סיום הכיבוש"" עד 20 לחודש",IsraelHayom
"שרת החוץ רמזה שישראל אחראית למות ששת החטופים - מחוקקת בגרמניה תקפה: ""דבריה מבישים""",IsraelHayom
דיווחים ערביים: המחבל שביצע את הפיגוע במעבר אלנבי - בן 39 מדרום ירדן,IsraelHayom
"ירוויח למעלה מכפול: אא""ק אתונה הציעה למכבי חיפה 3.5 מיליון יורו על פרנצדי פיירו",IsraelHayom
"שלושת הנרצחים בפיגוע במעבר אלנבי: יוחנן שחורי, יורי בירנבאום ואדריאן מרסלו פודסמסר",IsraelHayom
עדויות: שוטרים שאלו עצורים מהמחאה אם משלמים להם על ההפגנות,Haaretz
"ביבי המיט על ישראל את האסון הגדול בתולדותיה, אבל הוא לא רוצח ולא בוגד",Haaretz
"אחדות הרקע של יוצאי סיירת מטכ""ל בצמרת היא עול. יש לגוון את השורות",Haaretz
דוח חדש חושף: שידורי BBC הראו דפוס מובהק של הטיה נגד ישראל,Haaretz
לא רק אינסטגרם וטיקטוק: כך תדברו עם הילדים על התנהלות נכונה בוואטסאפ,Haaretz
פיתחתי אובססיה. הייתי שואלת את בן הזוג עליה כל הזמן,Haaretz
המדען שהקריב את גופו למען מדד הכאב של עקיצות חרקים,Haaretz
ليست حماس التي تنهار، بل إسرائيل,Haaretz
נתניהו בביקורת על המפגינים: רוב הישראלים לא נופלים למלכודת של חמאס,Haaretz
חיפשתי את אמא שלי בכל המקומות הלא נכונים,Haaretz
מי תעמוד בדרכה של קנזס סיטי לאליפות שלישית ברציפות: דירוג העוצמה לעונת 2024 ב-NFL,Haaretz
"""בניגוד אלינו, אצל עוברים המוח משתנה ברמה היומית""",Haaretz
לא רק בכריך: 20 דרכים להכין סלט טונה,Haaretz
"על אף הפסימיות, ארה""ב מגבשת הצעה חדשה שמתמקדת באסירים ובנסיגה מעזה",Haaretz
"""מביש ומביך"": ביקורת בגרמניה על דבריה של שרת החוץ על רצח החטופים",IsraelHayom
דיווחים ערביים: המחבל שביצע את הפיגוע במעבר אלנבי - בן 47 מצפון ירדן,IsraelHayom
"אא""ק אתונה הציעה למכבי חיפה 3.5 מיליון יורו על פרנצדי פיירו",IsraelHayom
דיווחים פלשתיניים: חוסל בכיר במערך האזרחי של חמאס,IsraelHayom
"""היא משוגעת"": בכירים בהוליווד יוצאים נגד אנג'לינה ג'ולי",IsraelHayom
"נעים להכיר: הכינויים הרשמיים של מדינות ארה""ב ומקורם",IsraelHayom
שניים מהנרצחים בפיגוע במעבר אלנבי: יוחנן שחורי ויורי בירנבאום,IsraelHayom
רוצים שקט ורוגע בחיים? זה הזמן לקבל את 11 האמיתות האלו,IsraelHayom
הממשלה אישרה: כהונתו של נציב שירות המדינה תוארך בשלושה חודשים,IsraelHayom
"לארצות הברית כדאי מאוד לנצור את הרגע הזה, כי לא בטוח מתי הוא יחזור",IsraelHayom
"תיעוד הפיגוע במעבר אלנבי: ""יש פה מישהו פה עם אקדח שיורה ביהודים""",IsraelHayom
"""הם מקיפים אותי מכל מקום"": האישה ששרדה את טבח 7 באוקטובר חוזרת לרגעים הקשים",IsraelHayom
מג'נגל בין ילדים: אסי עזר החליף חיתול לאריאל – אלכס יצאה מהבית ונכנסה למעלית,IsraelHayom
"עידן הכטב""ם: מאודסה עד שג'עיה - כך רחפנים שינו את שדה הקרב המודרני",IsraelHayom
"הפתרון ""המושלם"" של בכירי מערכת הביטחון: התרעה במקום קבלת אחריות",IsraelHayom
הדרך למדליות: השיטה שמחוללת פלאים עבור הספורטאים הפראלימפיים,IsraelHayom
"נתניהו על הפיגוע במעבר אלנבי: ""רצח נתעב - במזרח התיכון בלי חרב אין נצח""",IsraelHayom
"כאן בילו דניאל פרץ ונועה קירל מיד אחרי הצעת הנישואין: ""השושבין התחיל להתאמן""",IsraelHayom
חשבון נפש: עדן פינס וערן סויסה,IsraelHayom
צפו: בן זיני מטריל דיירים בבניין שלו,IsraelHayom
"""הלב שלי שבור""",IsraelHayom
שילה שלום מחוץ לבית,IsraelHayom
יד ושם של טבח 7 באוקטובר: הממשלה תאשר את התקציב לפרויקט ההנצחה,IsraelHayom
"""ג'יי קיי רולינג היא המורה הכי טובה שהייתה לי"": טירוף המעריצים בכנס ""הארי פוטר""",IsraelHayom
עולה לנו בבריאות: הצעת החוק שהולכת לחייב הצללה במרחב הציבורי,IsraelHayom
"שי עופרי: ""כאב שבחיים לא חוויתי – אין לשניר חלק בגוף שלא נשכתי""",IsraelHayom
הספורטאית האחרונה במשלחת: מקום 6 לטליה אילת בגמר הקיאקים במשחקים הפראלימפים,IsraelHayom
"""לקח לי זמן להבין שהחיים אכזריים"": אחרי ""פחד אלוהים ישמור"", כפיר צפריר מנסה לשחזר את ההצלחה",IsraelHayom
הרוצחת סיגל איצקוביץ כופרת באחריות הפלילית לביצוע הרצח,IsraelHayom
"בניגוד לישראל, חמאס זנח את סוד הכוח שלו",IsraelHayom
חוסל מפקד יחידת הרקטות בגדוד מזרח חאן יונס.של חמאס,IsraelHayom
מזל טלה: ממשברים יכולים ללמוד הרבה | תחזית הורוסקופ ליום ראשון,IsraelHayom
"""גנבו את הבחירות"": אלפים הפגינו ברחבי צרפת נגד המינוי החדש של מקרון לראש ממשלה",Haaretz
"היום בספורט, 8 בספטמבר",Haaretz
צפו: טיסת טורקיש איירליינס נקלעה למזג אוויר חריג - שישה נוסעים נפצעו,IsraelHayom
רוצה את המדליה ה-11: טליה אילת עלתה לגמר הקיאקים במשחקים הפראלימפיים,IsraelHayom
"הטורניר היקר בהיסטוריה: המענקים האסטרונומיים באליפות ארה""ב הפתוחה",IsraelHayom
"אהוד ברק בוועדת ה""חקירה האזרחית"": ""ישראל מדשדשת בלי אסטרטגיה, בלי תכנית פעולה ובלי תקווה""",IsraelHayom
הפגנות למען השבת החטופים יתקיימו הערב ברחבי הארץ,Haaretz
"סרג'יו מנדס, ממבשרי ה""בוסה נובה"", מת בגיל 83",Haaretz
"ראש ה-CIA: מקווים שמתווה לעסקה יאושר בימים הקרובים, זו שאלה של רצון פוליטי",Haaretz
"הפלסטינים: פעילה אמריקאית נורתה למוות ליד שכם, בת 13 נהרגה מאש הצבא במרכז הגדה",Haaretz
אהבות ושקרים: חשף רומן אסור ונורה - אישה פתחה בירי בבית קפה באיסטנבול,IsraelHayom
"משפחות חטופים ימסרו הצהרה מול הקריה: ""להרעיד לנתניהו את הכיסא""",IsraelHayom
"סדרת תקיפות בעזה: צה""ל תקף בית ספר שבו הוקמה מפקדה של חמאס; חוסלו שני מפקדי גדודים של הגא""פ",IsraelHayom
"""כואב לי ששר הספורט לא צלצל אחרי המדליה הראשונה, השנייה, השלישית""",IsraelHayom
"נחשפו ההודעות של פרשן ה-BBC שפוטר בסערה: ""רוצה לראות אותך בביקיני""",IsraelHayom
עם יהלום במשקל 3 קראט ובעיצוב אישי: זהו מחיר טבעת האירוסין של נועה קירל,IsraelHayom
אחרי שביקר את ארגון הטרור - עזתי הותקף על ידי מחבלי חמאס,IsraelHayom
המעצר של החשודה בזריקת חול על השר -כניעה ללא קרב לגחמות של בן גביר,IsraelHayom
נתונים מטורפים: כל המספרים לקראת גמר הנשים באליפות ארצות הברית,IsraelHayom
מה קרה בין טל מורד ורומי פרנקל?,IsraelHayom
"ראש ה-CIA: ""עובדים על הצעה חדשה, זו שאלה של רצון פוליטי""",IsraelHayom
צפו: התגרות מיותרת? ההטרלה של משרד החוץ לאיראן,IsraelHayom
"""לפני 20 שנה הייתי עד להתגלות כאשר סבא שלי הגיע אליי בחלום והפך אותי לבחור מאמין""",IsraelHayom
השחקן והקומיקאי יוסי וידר (״שנות ה-80״) הלך לעולמו בגיל 57,IsraelHayom
"יאיר נתניהו: ""בנט ולפיד לא חיסלו את ראשי חמאס בגלל שיקולים פוליטיים""",IsraelHayom
"""השר הנחה והנה נועה בנווה תרצה"": הסערה סביב מעצר החשודה בזריקת חול על השר בן גביר נמשכת",IsraelHayom
"מפקד משמרות המהפכה: ""ישראל תקפה 14 ספינות שלנו בים האדום ובים התיכון""",IsraelHayom
מה-NBA ליורוליג: ההחתמה הנוצצת של פנאתינייקוס,IsraelHayom
"מצרים מגנה את ישראל בעקבות מות האזרחית האמריקנית בהפגנה בביתא: ""פשע""",IsraelHayom
ניפגש בלוס אנג'לס: אריאל מליאר ואיראן שפיר לא הצליחו להעפיל לגמרים בשחייה ובחתירה,IsraelHayom
אחד העשירים ב-NBA: כמה שווה קווין לאב?,IsraelHayom
היום בו האולימפיאדה והלב של מדינת ישראל דיממו,IsraelHayom
חשד לרצח: גופה של גבר אותרה באזור תעשייה בחולון,IsraelHayom
"פרשת זריקת החול על בן גביר: החשודה עדיין במעצר, לפיד מסתבך בטוויטר",IsraelHayom
הקשר בין מלחמת יום כיפור למלחמת חרבות ברזל: התערוכה שמחברת בין העבר וההווה,IsraelHayom
"בלאט וסורקין יעלו בהיררכיה, לויד ינהיג: הדברים שאפשר ללמוד ממשחקה הראשון של מכבי ת""א",IsraelHayom
נחיתה מוצלחת לחללית סטארליינר של בואינג - ללא האסטרונאוטים,IsraelHayom
"היסטוריה אחרי 70 שנה, אופי ושער ענק: איטליה תגיע למפגש עם ישראל במצב רוח נהדר",IsraelHayom
"""לשים את המדינה מעל למפלגה"": דיק צ'ייני, סגן הנשיא הרפובליקני לשעבר, אמר שיצביע עבור קמלה האריס",IsraelHayom
"בדרך להפתעה? יאניק סינר וטיילור פריץ ייפגשו בגמר אליפות ארה""ב",IsraelHayom
"רצת המרתון שהוצתה תונצח בפריז: ""סיפורה יסייע לשאת את מסר השוויון""",IsraelHayom
עתיד מייקון וסימונס: המסקנות של מכבי תל אביב לאחר ההפסד לאולימפיאקוס,IsraelHayom
"מחצית ראשונה חדשנית, מחצית שנייה מפעם: סיכום ההפסד של נבחרת ישראל לבלגיה",IsraelHayom
"צה""ל תקף מחבלי חמאס במתחם פיקוד ושליטה ששימש בעבר כבית ספר; חיל האוויר פעל בלבנון",IsraelHayom
Truth Social בצרות: חברת המדיה של טראמפ מדווחת על הפסדים של מיליונים,IsraelHayom
"סין סוערת, ישראל מזיעה: סופר-טייפון באסיה וגל חום בארץ | תחזית מזג האוויר",IsraelHayom
נדחה גזר דינו של טראמפ בפרשת דמי השתיקה לכוכבת הפורנו,IsraelHayom
תומך דאעש תכנן פיגוע המוני נגד יהודים בניו יורק ב-7 באוקטובר,IsraelHayom
"""הסלמה דרמטית"": למרות איומי המערב - איראן העבירה לרוסיה מאות טילים בליסטיים",IsraelHayom
"לא מוצאים את החשודה בזריקת חול על השר בן גביר: ""אשמח לדעת איפה הבת שלי""",IsraelHayom
"משפחות החטופים ובכירי רפואה לארגוני הבריאות הבינלאומיים: ""קראו לשחרור של כולם""",IsraelHayom
"""דניאל פרץ ביקש אישור מרוברטו""? הרשת סוערת לאחר אירוסי נועה קירל",IsraelHayom
"בלינקן רומז: ""לא מתכוון להמשיך לכהונה נוספת""",IsraelHayom
מה עשה האקס כשקירל התארסה?,IsraelHayom
"עמי דדאון: ""אולי אלוקים מנסה להגיד לנו שכבר לעולם לא נחזור ל-6.10""",IsraelHayom
"זריקת החול על בן גביר: החשודה תובא לדיון במוצ""ש; האם זעמה: ""מסכן את חייה""",IsraelHayom
"נבחרת ישראל אמנם הפסידה לבלגיה, אבל סיפקה ניצוצות של שינוי מבורך",IsraelHayom
כולל ברכה מבאיירן מינכן: עולם הספורט מגיב לאירוסין של דניאל פרץ ונועה קירל,IsraelHayom
הסלבס מגיבים לאירוסין של קירל,IsraelHayom
"דיווח: פלשתינית בת 13 נורתה למוות בכפר קריות סמוך לשכם; צה""ל: הפרטים בבדיקה",IsraelHayom
המשלחת הישראלית לפריז - הכי מעוטרת מזה 20 שנה,IsraelHayom
על יאכטה בהרצליה: נועה קירל ודניאל פרץ התארסו,IsraelHayom
דיווח: חמאס הוסיף דרישות בנוגע לשחרור אסירים פלשתינים בשלב הראשון של העסקה,IsraelHayom
נועה קירל מאורסת!,IsraelHayom
אחרי שבעה שערי ליגה: הרצף של ארלינג הולאנד נעצר מול יריבה מפתיעה,IsraelHayom
"הרמטכ""ל בגבול הצפון: צה״ל ממוקד בלחימה בחיזבאללה ומתכונן למהלכים התקפיים בשטח",IsraelHayom
מאיה קיי ורומי פרנקל הורידו עוקב,IsraelHayom
דיווח: מכבי תל אביב תשחרר את אחד משחקני הרכש שלה,IsraelHayom
ישמור על המסורת? הכדורסלן האגדי הצטרף לרוקדים עם כוכבים,IsraelHayom
אזרחית אמריקנית נהרגה בהפגנה בביתא; הבית הלבן: פנינו לישראל לקבל עוד מידע,IsraelHayom
עוזר מאמן מהליגה השלישית באנגליה יצטרף לצוות האימון של ריאל מדריד,IsraelHayom
התיעודים מראים: רוסיה מוציאה להורג שבויים אוקראינים,IsraelHayom
חשד להרעלה: פעוט בן שנה וחצי ובת חמש מהיישוב זרזיר שבצפון מתו,IsraelHayom
גאווה ישראלית: עמי דדאון זכה במדליית הארד במשחקים הפראלימפיים,IsraelHayom
אוזבצ'קה: האם נמצאה הגרסה החיפאית לחנן מרגילן?,Haaretz
טירמיסו: גרסה לעצלנים,Haaretz
קרפאתוס: בין קסם אותנטי לפיתוי התיירות,Haaretz
סלט טונה עם צלפים,Haaretz
"דו""ח: קיץ 2024 הוא החם ביותר בחצי הכדור הצפוני מאז החלו המדידות",Haaretz
"שלושה מאבטחים נהרגו בפיגוע ירי במעבר אלנבי, המחבל נורה למוות",Haaretz
פדרו אלמודובר זכה בפרס הגדול בפסטיבל ונציה,Haaretz
מועמד האופוזיציה שטען שניצח בבחירות לנשיאות ונצואלה עזב את המדינה על רקע צו המעצר שהוצא נגדו,Haaretz
"""הזוג המושלם"" היא המקבילה הטלוויזיונית למלכודת תיירים",Haaretz
"בשנה שעברה ארינה סאבלנקה התרסקה בגמר בניו יורק. הלילה, אליפות ארה""ב הפתוחה היתה שלה",Haaretz
למה לבחור? סלט טונה צזיקי מרענן,Haaretz
"סלט טונה עם פלפלים אדומים, חריפים ומתוקים",Haaretz
"עם הנהגה פלסטינית קרועה והנהגה ישראלית פרועה, החזית בגדה רק תלך ותתרחב",Haaretz
"מאחורי המבע הטרוד והאמירות הנחרצות, דדי שמחי הוא בסך הכל קצין ושופר",Haaretz
עקבות דינוזאורים כמעט זהות אותרו בדרום אמריקה ובאפריקה,Haaretz
"חרף הפסימיות, ארה""ב מגבשת הצעה חדשה שמתמקדת באסירים ובנסיגה מעזה",Haaretz
"מאחורי החול שבן גביר זורה לנו בעיניים, הגדה הופכת לעזה ועזה לגדה",Haaretz
"""נולדו מאותו תורם"": כל אדם רוצה לדעת מאין בא ומהם שורשיו",Haaretz
צבע מאכל מושמץ התגלה כחומר שהופך את העור לשקוף ומאפשר הצצה למה שקורה תחתיו,Haaretz
"196 יריבות, 164 פנדלים ומרפק אחד: כך כבש כריסטיאנו רונאלדו 900 שערים בקריירה",Haaretz
יחסי מין עם פעוטה אינם אונס? אלבוים נטפל לקוריוז פרוורטי,Haaretz
הירש ביקש שנמשיך להיאבק. עלינו לראות בדבריו צוואה,Haaretz
אלף כפול שמונה זה יותר מ–200 אלף,Haaretz
"בג'נין, בביתא ובקריות קברו את המתים. ישראל פיהקה",Haaretz
עמק הסיליקון משנה את קוד הלבוש שלו,Haaretz
"""אחרי יומיים בממ""ד היא קפצה מהחלון ופיזרה אחריה שביל פרחים, שימצאו אותה""",Haaretz
"""אתה פועל נגד האדמו""ר?"": המשטרה פועלת בשירות חסידות גור ומנהלת חקירות להשתקת הפורשים ממנה",Haaretz
פסטיבל ישראל נפתח ועוד המלצות לשבוע הקרוב,Haaretz
"דנה לוי: ""אני אוהבת שזה מתעתע. שלא מבינים איך הדבר נוצר""",Haaretz
מזכירו של בן גביר הנחה קצינים במשטרה שלא להפעיל כוח בזמן ההתפרעויות בבית ליד,Haaretz
"החטופה ששוחררה עדינה משה: אמרתי לשב""כ שלחץ צבאי יהרוג את החטופים",Haaretz
"חדשות היום, 8 בספטמבר",Haaretz
"שלושה הרוגים בפיגוע ירי במעבר אלנבי, המחבל נורה למוות",Haaretz
המזרח הפרוע,Haaretz
קריקטורה יומית | 8 בספטמבר 2024,Haaretz
גדעון הוד היה הקול הרדיופוני של הספורט הישראלי,Haaretz
בית משפט השלום הורה לשחרר את החשודה בהשלכת חול לעבר בן גביר למעצר בית,Haaretz
"מאמן נבחרת אנגליה לא שר את ההמנון, הכובש לא חגג. ככה זה כשפוגשים את אירלנד",Haaretz
"עדי ראייה: צה""ל ירה בפעילה האמריקאית בהפגנה בביתא בלי סיבה, כשלא היו עימותים",Haaretz
"טליה דנציג שרה ""מה עוד תבקשי מאיתנו מכורה"" כמי שנלקח ממנה הכל",Haaretz
משיחיסטים ואינטרסנטים | 8.9.2024,Haaretz
"השביתה במשק היתה הכרחית, והמוני המפגינים שיצאו לרחובות מעידים על כך",Haaretz
"פלאפלים, שימו לב",Haaretz
"אם נתניהו פועל משיקולים זרים, איך אפשר לשתוק מול פגיעה בילדים בעזה?",Haaretz
להפקרת החטופים למותם יש תמיכה לא מבוטלת בציבור. זה מעורר חלחלה,Haaretz
"כשזה ההבדל בין הימין הפשיסטי לשמאל הציוני, סינוואר יכול להיות רגוע",Haaretz
בעיריית רומא שוקלים לגבות מתיירים תשלום בעבור גישה למזרקת טרווי,Haaretz
"שבע שנים אחרי מות הסולן: ""לינקין פארק"" חוזרת עם זמרת חדשה",Haaretz
"בצעד של ייאוש, נבחרת בוליביה לוקחת את המשחק שלה לגבהים חסרי תקדים",Haaretz
"המונים הפגינו ברחבי הארץ למען עסקה; בת דודה של כרמל גת: היינו כפסע מחיבוק, הלחץ הצבאי הוביל למותה",Haaretz
"אוקראינה תקפה מחסן נשק בשטח רוסיה; ארה""ב מודאגת ממשלוח טילים איראניים",Haaretz
רחובות נור שמס וטולכרם ההרוסים לא הותירו מקום לספק. מדובר באזור מלחמה,Haaretz
"היום בספורט, 7 בספטמבר",Haaretz
"סרג'יו מנדס, ממבשרי הבוסה נובה, מת בגיל 83",Haaretz
"לרבע שעה מול בלגיה, רן בן שמעון הצליח להעלים את הנחיתות של נבחרת ישראל",Haaretz
"ברזיל גברה על אקוודור, אורוגוואי נפרדה מלואיס סוארס",Haaretz
"תמונות השבוע של צלמי ""הארץ""",Haaretz
טיילור פריץ ויניאק סינר ניצחו ועלו לגמר,Haaretz
"וינסנט מת'יוס וחברו וויין קולט הושעו מהאולימפיאדה בגלל מחאה. מעטים זוכרים אותה, ואף אחד לא מבין אותה",Haaretz
החשודה בהשלכת חול לעבר בן גביר הוחזקה במעצר בנווה תרצה הלילה,Haaretz
משרד הבריאות בלבנון: שלושה אנשי הצלה נהרגו בתקיפה ישראלית בדרום המדינה,Haaretz
"חדשות היום, 7 בספטמבר",Haaretz
נשארה עם המחמאות: נבחרת ישראל הפסידה לנבחרת בלגיה 3:1 בליגת האומות,Haaretz
"עמי דדאון זכה במדליית הארד במשחה ל-50 מטר חופשי, אך איבד את שיא העולם שבו החזיק",Haaretz
בית המשפט דחה את גזר הדין של טראמפ במשפט דמי השתיקה עד לאחר הבחירות,Haaretz
"משרד הבריאות הפלסטיני: ילדה בת 13 נורתה למוות מאש צה""ל בכפר קריות שבמרכז הגדה",Haaretz
"הגיע בקול תרועה, ונעלם: סיפורו של ילד הפלא הנשכח של ריאל מדריד",Haaretz
"היריבות מהכדורגל גלשה ל-NFL, ובמשחק בברזיל נאסר על המארחת ללבוש ירוק",Haaretz
"הפלסטינים: פעילת זכויות אדם אמריקאית נורתה למוות בידי חיילים ליד שכם; צה""ל: הנסיבות בבדיקה",Haaretz
בתי המשפט דחו השבוע את כל בקשות המשטרה להארכת מעצר של מפגינים,Haaretz
"תיעוד: סוהרים השפילו עצירים באגף הביטחוני בכלא מגידו; שב""ס: מדובר בתרגול שגרתי",Haaretz
הצרכים מבית דוחקים והעימות בעזה ובלבנון הפך לנטל על איראן,Haaretz
אמיתי לגמרי: בושם חדש בניחוח מיונז,IsraelHayom
"בעקבות הפרסום ב""ישראל היום"": השר מיקי זוהר שוחח עם מאמן נבחרת השחייה",IsraelHayom
דיווח סעודי: כך ישראל השיגה מודיעין על מוחמד דף ועל גופות חטופים,IsraelHayom
הסתיר את הנשק במשאית: כך ביצע המחבל הירדני את הפיגוע במעבר אלנבי,IsraelHayom
"מעיין אדם: ""עדיין לא מאמינה שזה קרה – מחכה להתעורר מהסיוט""",IsraelHayom
מיליארדי אירו: 20 המועדונים שבזבזו הכי הרבה כסף בעשור האחרון,IsraelHayom
40 שנים של מוזרות: כל מה שלא ידעתם על הבמאי הכי מטורף של הוליווד,IsraelHayom
"""לקח לי זמו להבין שהחיים אכזריים"": אחרי ""פחד אלוהים ישמור"", כפיר צפריר מנסה לשחזר את ההצלחה",IsraelHayom
"כל חבר להקת אואזיס לשעבר, והיכן הוא עכשיו • בהחלט, אולי",IsraelHayom
"""בחיים האישיים מצבו של דניאל פרץ הרבה יותר טוב מבבאיירן מינכן""",IsraelHayom
"ליאו מסי חשף מי השחקן הטוב ביותר בעיניו שזכה לראות משחק: ""הוא היה תופעה""",IsraelHayom
הרוצחת סיגל איצקוביץ כופרת באשמת רצח בנה,IsraelHayom
"אישום: שבר את אפה של אחותו - ואיים ""אשחט אותך""",IsraelHayom
28 חנויות ביריד אחד: ABOUT US  חוזר עם מעצבים ייחודיים בלוקיישן חדש,IsraelHayom
"קאמבק היסטורי: תוכנית הילדים המיתולוגית ""הופה היי"" חוזרת בהרכב חדש",IsraelHayom
שלושה נרצחים בפיגוע ירי במעבר אלנבי שבבקעת הירדן,IsraelHayom
"""ועדת החקירה האזרחית"": אהוד ברק מוסר את החלק השני של עדותו, גם ראש אמ""ן לשעבר יעלה לדבר",IsraelHayom
"שיר לזוהר: ""זה נראה שאתה תופס מרחק""",IsraelHayom
טכניקת נשימה פשוטה מציעה הקלה לחולי סרטן,IsraelHayom
אחרי החתימה הצפויה של קסנדר סברינה: הדד ליין של מכבי חיפה,IsraelHayom
אזהרה: ביטול סבסוד המעונות יפגע בתעסוקת נשים חרדיות,IsraelHayom
"""השבח לאל, יבורך הפרי"": התגעגעתם לסדרה הזו? צילומי העונה האחרונה שלה יצאו לדרך",IsraelHayom
ביונסה חוגגת בסטייל טרופי,IsraelHayom
מצרים: משענת קנה רצוץ או שותפה הכרחית?,IsraelHayom
דומיננטית כמו סרינה וויליאמס: ההישגים של ארינה סבאלנקה בארצות הברית,IsraelHayom
דיכאון והפרעות אכילה: חשש מנזקים נפשיים לתלמידי התיכונים עקב השביתה,IsraelHayom
"תראו, ציפור",IsraelHayom
מתחמק מהאקסית: בן אפלק נמנע ממפגש מביך עם ג'ניפר לופז,IsraelHayom
לכבוש את עזה עכשיו,IsraelHayom
הסיכון הנסתר שרופא השיניים שלך יכול לגלות,IsraelHayom
הפועל תל אביב והפועל ירושלים בטופ: דירוג העוצמה של קבוצות היורוקאפ,IsraelHayom
ונצואלה: מנהיג האופוזיציה נמלט מהמדינה לספרד,IsraelHayom
לא רק אואזיס: זו הסיבה שמעריצי אבבא כועסים על הלהקה,IsraelHayom
ראש הממשלה יכול לעשות מה שהוא רוצה,IsraelHayom
"אל תִּקְרָא לִי ""אחִי""",IsraelHayom
הרשת נדהמה: היוטיובר עבד על מיליוני עוקביו במשך שנתיים,IsraelHayom
שנה למלחמה בצפון אמריקה: ציונות ויהדות לצד פחד כבד מאנטישמיות,IsraelHayom
הפריט המזוהם ביותר במטבח שלכם: הספוג. כך תשנו זאת,IsraelHayom
נבדק: חיילים קיבלו מאזרחים תרומה של עוגיות חשיש בבסיס בדרום,IsraelHayom
חיסול בדרום עקב סכסוך בין משפחות: בן 30 נורה למוות ברהט,IsraelHayom
סעודיה במוקד: רונאלד קומאן התחרט לאחר שתקף את שחקנו בנבחרת הולנד,IsraelHayom
הפרט האחד שכולם צריכים להוסיף לכל אימייל,IsraelHayom
"שילוב מרתק בין ספורט למוזיקה קלאסית: פרידה מגדעון הוד ז""ל",IsraelHayom
השביתה בתיכונים: גובר הלחץ הכלכלי על המורים,IsraelHayom
חשיפה: סכומי המענקים לקבוצות היורוליג לעונת 2024/25,IsraelHayom
פדרו אלמודובר הוא הזוכה הגדול בפסטיבל ונציה,IsraelHayom
"ארינה סבאלנקה זכתה לראשונה באליפות ארה""ב: ""זה היה חלום שלי הרבה זמן""",IsraelHayom
זירת הלחימה השמינית: האדישות מסוכנת לא פחות מאיראן וחיזבאללה,IsraelHayom
אישום: רוצץ את ראשו של הקורבן באמצעות סטנד של ספר קוראן בתוך מסגד,IsraelHayom
לאחר מחאת משפחות התצפיתניות: הממשלה תדון על תוכנית לשימור והנצחת אתרי 7 באוקטובר,IsraelHayom
דוח: סיקור המלחמה ב-BBC מוטה באופן מובהק לטובת חמאס,IsraelHayom
תהומות של רוע: מה שיישאר בסוף מחמאס זו תנועה רצחנית כושלת,IsraelHayom
המכה שספג חיזבאללה: כמות המשגרים שהושמדו מאז מתקפת המנע נחשפת,IsraelHayom
דרוש כיוון: כדי לצאת מהבוץ העזתי - עסקה או חיסול סינוואר,IsraelHayom
"ארה""ב - MLS: ונקובר וויטקאפס - דאלאס",IsraelHayom
"קצינים לשעבר בנאט""ו: ""ישראל קרובה להשיג את מטרות המלחמה""",IsraelHayom
"ניסיון הפיגוע בקונסוליה במינכן: היורה נהג ""להוציא להורג"" במשחקי מחשב ושאל על ייצור פצצות",IsraelHayom
"ארה""ב - MLS: שיקגו פייר - די. סי. יונייטד",IsraelHayom
שלושה נרצחים בפיגוע ירי במעבר אלנבי; המחבל שהגיע מירדן חוסל,IsraelHayom
מזג האוויר ממשיך להיות לח וחם מהרגיל לעונה | התחזית,IsraelHayom
"ארה""ב - MLS: קולומבוס קרו - סיאטל סאונדרס",IsraelHayom
"ארה""ב - MLS: ניו אינגלנד רבולושן - סט. לואיס סיטי",IsraelHayom
"ארה""ב - MLS: ניו יורק רד בולס - ספורטינג קנזס סיטי",IsraelHayom
"זריקת החול על בן גביר: באולפן חדשות 12 דנו בפערים בין חופן גרגירים לבין ""קובבה""",IsraelHayom
בסעודיה חוששים מעימות אזורי בין ישראל לאיראן,IsraelHayom
לאחר שבריטניה השעתה רישיונות ייצוא נשק לישראל: בלינקן ימריא ללונדון,IsraelHayom
שלושה מפגינים בחיפה נפצעו כתוצאה מאלימות משטרתית; המשטרה: הם הפרו את הסדר,IsraelHayom
שני גברים נפצעו באורח קשה ובינוני כתוצאה מירי ברמלה,IsraelHayom
"קידומו של רפ""ק סוויסה - קומבינה של בן גביר ושל ניצב פלד על חשבון הציבור",IsraelHayom
בגלל דרישה חדשה של חמאס: ביידן דחה את מועד הצגת ״ההזדמנות האחרונה״,IsraelHayom
מזל טלה: משברים יכולים ללמוד הרבה | תחזית הורוסקופ ליום ראשון,IsraelHayom
מזל שור: מידע חשוב משמש עילה לשינוי תוכניות | תחזית הורוסקופ ליום ראשון,IsraelHayom
מזל תאומים: מזג האוויר המתחלף משפיע עליכם | תחזית הורוסקופ ליום ראשון,IsraelHayom
מזל סרטן: אתם מצליחים לייצב את המצב | תחזית הורוסקופ ליום ראשון,IsraelHayom
מזל אריה: התרחקו מגורמים שמשפיעים עליכם לרעה | תחזית הורוסקופ ליום ראשון,IsraelHayom
מזל בתולה: חדשות טובות מבני משפחה | תחזית הורוסקופ ליום ראשון,IsraelHayom
מזל מאזניים: נצלו הזדמנויות הנקרות בדרככם | תחזית הורוסקופ ליום ראשון,IsraelHayom
מזל עקרב: אתם עומדים לקבל הפתעה | תחזית הורוסקופ ליום ראשון,IsraelHayom
מזל קשת: הפתעות רבות בתחום הרומנטי | תחזית הורוסקופ ליום ראשון,IsraelHayom
מזל גדי: חברים יעזרו לכם להשיג את מבוקשכם | תחזית הורוסקופ ליום ראשון,IsraelHayom
מזל דלי: המחויבות שלכם תוביל אתכם למקומות רחוקים | תחזית הורוסקופ ליום ראשון,IsraelHayom
מזל דגים: הסתפקו בינתיים במה שיש | תחזית הורוסקופ ליום ראשון,IsraelHayom
ההסכם בין המדינה לאזרחים מופר מדי יום: לא נסלח לעולם על הפקרת החטופים,IsraelHayom
גורמים המעורים במשא ומתן לעסקה: הפערים בין ישראל לחמאס עדיין גדולים,IsraelHayom
"נבחרת ישראל הצעירה קטעה את הרצף המביך, וזה לא ינחם אף אחד",IsraelHayom
ראש ה-CIA: בסתיו 2022 היה סיכון אמיתי שרוסיה תשתמש בנשק גרעיני,IsraelHayom
קולו נדם: שדרן הרדיו גדעון הוד הלך לעולמו בגיל 90,IsraelHayom
"החטופה ששוחררה מהשבי חושפת לראשונה: ״נחקרתי בשב""כ והדגשתי - לחץ צבאי ירצח את החטופים״",IsraelHayom
"ברקע האיום של החרדים להצביע נגד - לפיד ביטל נסיעה לארה""ב: ""תקציב מופקר""",IsraelHayom
פרשת ההימורים מאחוריו: כוכב נבחרת איטליה מוכן לאתגר גם מול ישראל,IsraelHayom
"ליאם גלאגר משתלח במעריצי אואזיס: ""תשתקו ותקנו כרטיסים בכריעה""",IsraelHayom
"ביהמ""ש קבע: החשודה בזריקת החול על בן גביר תשוחרר למעצר בית בן 48 שעות",IsraelHayom
נועה קירל בדרך לבית האח,IsraelHayom
"אילה בן גביר על סערת זריקת החול: כשאני נעצרתי לא התבכיינתי, הפכו אותה ל""קדושה מעונה""",IsraelHayom
"כוכב ברצלונה ושיאן השכר נשאל על מצבו - זו הייתה תגובתו ה""קרה""",IsraelHayom
"טראמפ או האריס? ההיסטוריון, שחזה במדויק את המנצחים מאז 1984, יודע את התשובה",IsraelHayom
ילד בן 7 במצב קשה לאחר שנעקץ על ידי עקרב בערד,IsraelHayom
מחבלים השליכו רימון על הלוחמים - שהשיבו באש וחיסלו אותם | צפו בתיעוד מרפיח,IsraelHayom
השם שבחרו הלן ורגב הוד לבתם,IsraelHayom
כובש שער הניצחון מול אנגליה ממשיך להסתבך: צפו בתיעוד התקיפה האלימה,IsraelHayom
לישראל עוד יש לאן להתדרדר מוסרית בעזה. גיורא איילנד ישמח לקחת אותה לשם,Haaretz
"גופי תרבות בדרום לשר זוהר: ""הסיוע מתעכב, אנו בסכנת קריסה""",Haaretz
ג'ק דרייפר נכנס לנעליו של אנדי מארי והפך לתקווה של הטניס הבריטי,Haaretz
"היועמ""שית לבג""ץ: ההחלטה לאפשר לרה""מ למנות את נציב שירות המדינה אינה חוקית ויש לעצור את ביצועה",Haaretz
הפלסטינים: פעילת זכויות אדם אמריקאית נורתה למוות בידי חיילים ליד שכם,Haaretz
"""משחק של אינצ'ים"": מילווקי באקס עקצה את קבוצת ה-NFL אחרי ההפסד הכואב",IsraelHayom
קיילי ג'נר ו-KHY: אופנה או נפילה?,IsraelHayom
המשטרה עצרה אישה שזרקה חול לעבר השר בן גביר שהגיע לחוף בתל אביב,IsraelHayom
"""נגעו בשמיים"": מטס מיוחד לפצועי מלחמת חרבות ברזל",IsraelHayom
"שחקניות הפועל תל אביב נסעו לחתונה במחצית, ונדמה שגם למועדון אין הסבר טוב",IsraelHayom
כמו קווין דה בריינה לבדו: כמה כסף שווה ההרכב של נבחרת ישראל?,IsraelHayom
"הבלגים לא מתחברים לדומניקו טדסקו, רק ניצחון על ישראל יוכל לעזור לו",IsraelHayom
"נוסעת נגד אל על: ""הכלב שלי נחנק בטיסה""",IsraelHayom
"חוזרת ללוח הטיסות: ""לוט"" הפולנית מחדשת פעילות בישראל",IsraelHayom
"נבחרת טורקיה ניצחה בגמר את ישראל והתריסה: ""מוקדש לאחינו בעזה""",IsraelHayom
"היועמ""שית נגד שינוי הליך מינוי נציב שירות המדינה: ""מהלך לא חוקי שהופך את השירות הציבורי לפוליטי""",IsraelHayom
חיזבאללה מפרסם סרטון: פגענו בבסיס צבאי בצפון,IsraelHayom
"""מרצ'לו מיו"": מחווה אוהבת ושטחית של קיארה מסטרויאני לאביה",Haaretz
"היום בספורט, 6 בספטמבר",Haaretz
"20 שנה חיכתה סן מרינו לניצחון, אתמול הוא הגיע",Haaretz
"נתניהו לא הצליח להציג מועמד מטעמו, הממשלה תאריך את כהונת נציב שירות המדינה",Haaretz
שני בדואים תושבי הנגב: חיילים בגדה איימו עלינו בנשק והכו אותנו,Haaretz
"כולם חשבו שהמשחק הראשון בעונת ה-NFL הולך להארכה, השופט סיים אותו מוקדם",Haaretz
"""אנחנו לא יכולים להגן על הילדים שלנו"": הורים ברצועה מתמודדים עם איום הפוליו",Haaretz
"ארבע שחקניות עזבו את המשחק לחתונה במחצית, והפועל תל אביב הובסה 6:0",Haaretz
ג'סיקה פגולה וארינה סבאלנקה ניצחו ועלו לגמר,Haaretz
"לנבחרת ישראל דרושים בלמים. 1.85 מ' - יתרון, לא דרוש ניסיון קודם",Haaretz
"זוהה הורמון המאפשר אוטוטומיה, מאסטרטגיות ההישרדות המפתיעות של החיות",Haaretz
"בבית עלמין צבאי שהוא סמל אמריקאי, טראמפ הצליח ליצור תסבוכת חדשה",Haaretz
מחקר: שמונה מדינות אחראיות ליותר ממחצית מזיהום הפלסטיק הגלובלי,Haaretz
"אוגדה צה""לית מתכנסת לפני הקרב לטקס זירוז ביאת המשיח? ממש כך",Haaretz
הצרכים מבית דוחקים והעימות בעזה ולבנון הפך לנטל על איראן,Haaretz
"ההתנכלות המאורגנת לשר הביטחון עולה מדרגה, אך לו יש מטרות משלו",Haaretz
"המסר שנתניהו מעביר לסינוואר נקלט, והמשמעות הולכת ומתבהרת",Haaretz
"העסקה על סף קריסה, נתיב אחד קלוש עשוי בכל זאת להוציא אותה לפועל",Haaretz
יש רק עסקה אחת. כל השאר מריחות ושקרים,Haaretz
הפיחות בערך חיי החטופים,Haaretz
שונאי נתניהו משחקים בחיי החטופים,Haaretz
לגנץ ואיזנקוט קשה לנצח נוכל מדופלם,Haaretz
"כשכנופיות מפטרלות ובודקות נאמנות, המתח בין האריתריאים בתל אביב נפיץ מתמיד",Haaretz
"המתנחלים הרסו את הכפר, ולתושביו אסור להקימו מחדש",Haaretz
"אחרי שאבדה התקווה, ההמונים שנאבקו על החטופים נפגשו עם משפחותיהם בשבעה",Haaretz
חמאס פרסם תיעוד של הירש גולדברג-פולין מהשבי; משפחתו: זוהי קריאת השכמה לעולם,Haaretz
"חדשות היום, 6 בספטמבר",Haaretz
"צה""ל: שני טילי נ""ט פגעו במטולה; ראש המועצה: נגרם נזק למבנים, אין נפגעים",Haaretz
עזתיזציה,Haaretz
קריקטורה יומית | 6 בספטמבר 2024,Haaretz
"ביהמ""ש הקפיא את קידומו של הקצין מאיר סוויסה שעומד לדין על זריקת רימון הלם לעבר מפגינים",Haaretz
"ג'ניפר לופז, דרייק ואריאנה גרנדה: ""להפסיק את אספקת הנשק הלא חוקית לישראל""",Haaretz
"טראמפ ליהודים רפובליקאים: אם קמלה האריס תנצח, ישראל לא תהיה קיימת",Haaretz
"ארה""ב: רוסיה ניהלה מבצע השפעה נגד ישראלים ויהודים אמריקאים",Haaretz
"אלפים הפגינו בקריאה לעסקת חטופים; אביו של עומר שם טוב: ""החברה תתרסק, ומה יישאר? ציר פילדלפי""",Haaretz
תחזית מזג האוויר ליום שישי: עלייה קלה בטמפרטורות,Haaretz
"בשקט בשקט הממשלה מקדמת את מהפכת המינויים הפוליטיים, ""הרוצח השקט""",Haaretz
רוח אלול מזכירה לנו שהמאבק למען החטופים הוא גם על נשמת החברה הישראלית,Haaretz
יחד ננצח? הרעל כבר בתוכנו (גרסת הבמאי),Haaretz
"עדן, זה לא הסוף שהגיע לך",Haaretz
"""נוהל הפסקת חיים""",Haaretz
ציר פילדלפיה | 6.9.2024,Haaretz
איך פספסנו את הגורילה: הסקר שזייף חמאס עוד יתגלה כמסמך היסטורי־אסטרטגי,Haaretz
היו 327 ימים להציל את כרמל. אבל היא נרצחה — כי נתניהו אמר לא,Haaretz
זאת המלחמה הפשיסטית ביותר שידעה ישראל,Haaretz
נבחרת הנשים של ישראל בכדורשער זכתה במדליית הכסף במשחקים הפראלימפיים בפריז,Haaretz
"היום בספורט, 5 בספטמבר",Haaretz
ג'סיקה פגולה מעולם לא הצליחה באמת. הלילה היא היתה גדולה על המדורגת מספר 1 בעולם,Haaretz
למי יש אינטרס לצנזר את סרטוני החטופים?,Haaretz
"אנגלמן נתקל בחומה של חוסר אמון, והדו""חות הנפיצים על המלחמה נשארים במגירה",Haaretz
מדליה תשיעית לישראל בפריז: הטניסאי הפראלימפי גיא ששון זכה בארד,Haaretz
"""טסתי 12 שעות ונחתי במאה שערים"": ספר חדש מבקש לקחת אותנו הכי רחוק מהמלחמה",Haaretz
השופט מטעם ישראל בהאג: המפגינים נגד ההפיכה המשטרית נגעלים ממזרחים ופוחדים מחרדים,Haaretz
העסקה בנובמבר 2023 סיכנה את נתניהו. הוא לא ייקח את הסיכון הזה שוב,Haaretz
"שנים על שנים נדחסות לשנייה אחת, אחרונה. מה חשבו הנרצחים לפני מותם?",Haaretz
בין תהילים לקנאביס: מחפשים את עצמנו בגוגל,Haaretz
20 שאלות לילדים: איזו נסיכת דיסני מבוססת על אישה אמיתית?,Haaretz
"לפיד: אנגלמן הוא מבקר מטעם, בדיקתו נועדה לסייע לנתניהו לחמוק מוועדת חקירה ממלכתית",Haaretz
חמוש נורה למוות ליד הקונסוליה הישראלית במינכן; גרמניה: זה ניסיון פיגוע,Haaretz
ללא תוספת סוכר ועם 100% פרי: מה באמת מסתתר מאחורי ההבטחות של חטיפי התינוקות?,Haaretz
"כמו באוקראינה: חיזבאללה החל לפגוע בכוחות צה""ל עם רחפני מירוץ",Haaretz
כולם סובלים פה מפיצול אישיות. הפיצול של ההורים הוא החריף מכולם,Haaretz
"הח""כים החרדים שלא פועלים להצלת החטופים, פועלים נגד התורה. דם הנרצחים על ידיהם",Haaretz
היא נכשלת פעם אחר פעם ברגעי האמת. בלגיה היא לא הנבחרת המפוארת שעשו ממנה,Haaretz
המתקפות על האופוזיציה משרתות את מכונת הרעל. תנו לנו לעבוד,Haaretz
"""אם חמאס ידרוש לשחרר אנסים לרחוב אנחנו נזדעזע. תומכי העסקה לא מדברים על המחיר""",Haaretz
יש פתרון לציר פילדלפי. נתניהו מטרפד אותו כי הוא מעוניין במלחמה ובכיבוש,Haaretz
"באיחור של 11 חודשים, ביבי מבקש סליחה. אם מישהו נפגע",Haaretz
"אני כותבת את הטור הזה אחרי שעצרו את ע', חברתי מגינת הכלבים",Haaretz
"נגרוני: סיפורו של קוקטייל קלאסי, פשוט ומורכב",Haaretz
"""יש לנו זכויות כשאנחנו מתים וכשאנחנו חיים"": מרפאת להטב""ק בדרום היא צורך גם במלחמה",Haaretz
"שלם, סטייק או מפורק: כרוב בתנור בשלוש דרכים",Haaretz
הכל בגלל פרידריך השני: איך מצאו עצמם מיליוני ילדים בכיתה עם מורה וצלצול,Haaretz
"הם נרצחו בידיעה שישראל נמצאת דקות מהם. הם קיוו, ואכזבנו אותם",Haaretz
"בניגוד למחויבויותיה, ישראל מקדמת בניית התנחלות חדשה בשטח אתר מורשת עולמית",Haaretz
"24 רעיונות טעימים לבישולי הסופ""ש",Haaretz
עשרות צהרונים בירושלים לא פועלים מתחילת השבוע בגלל מחסור במאות עובדות,Haaretz
עוגת שמרים עם פירות של סוף קיץ וריקוטה,Haaretz
"שייק בריאות וחצי מנה בפיתה. פלאפל תנעמי יימכר ברשת בריאות בארה""ב",Haaretz
לצעירים ששטפו השבוע את הרחובות יש יותר תחושת אחריות מלממשלת ישראל,Haaretz
ויליאם פיטרס בטוח שהמוות של יקירינו יכול להיות חווייה פלאית ומרפאת,Haaretz
"אחרי שבעה חודשים של ציפייה, ה-NFL חוזרת עם מפגש בין ווינר נצחי ללוזר כרוני",Haaretz
לוין על הקלטות מנדלבליט–נוה: מערכת המשפט זקוקה לשינוי עמוק,Haaretz
"בפעם הראשונה מאז 2003: כריסטיאנו רונאלדו וליאו מסי לא ברשימת המועמדים לפרס ""כדור הזהב""",Haaretz
"""ביטלג'וס ביטלג'וס"": קצבי, מטורלל ומלא בדמיון",Haaretz
"עם 26 אלבומים ב-12 שנה, King Gizzard & The Lizard Wizard היא להקה עם יקום משלה",Haaretz
מעצמת הקולנוע החרדי של משפחת גרובייס יצרה את הסרט העלילתי הראשון על מלחמת עזה,Haaretz
חכמים מהמקור: המוחות המפתיעים של עורבי המדבר,Haaretz
"האמנית הישראלית אביטל משי חיברה AI לגופה, והפכה לאישה-סייבורג",Haaretz
פינת ליטוף,Haaretz
"נשמע שאתה שלם עם ההחלטה לביים את הטקס הממלכתי. ""זו כבר אינטרפרטציה שלך""",Haaretz
אלופה ישראלית,Haaretz
"צבי-ים, מערות ואנטילופות: יגאל סלע, מוותיקי שמירת הטבע בישראל, מת בגיל 94",Haaretz
"עושה שכל | תשבצי ""מוסף הארץ"" 6.9.2024",Haaretz
הילדים ואני עברנו לגור עם בן הזוג החדש שלי. איך להתייחס לעירום בבית?,Haaretz
"במסע הקידום של סרטה החשוב ""איתנו זה נגמר"", בלייק לייבלי עושה כל טעות אפשרית",Haaretz
פעם הסרטים האלה היו שוברים קופות. היום לא צריך לצאת בשבילם מהמזגן,Haaretz
המשטרה עצרה באלימות מפגין בטענה שתקף שוטר; בקשתה להשאירו במעצר נדחתה,Haaretz
"רבקה צ'פטגיי, שהשתתפה בריצת המרתון באולימפיאדת פריז 2024, נרצחה על ידי בן זוגה לשעבר",Haaretz
ברוך קרא העמיד גבול ברור לפאנליסט הרעיל נדב העצני. וגם זה לא מנחם,Haaretz
גיא איתן עוזר לעיוור,IsraelHayom
שני ילדים נפצעו קשה בתאונת דרכים בכפר מנדא,IsraelHayom
"הכירו את קבוצת הכדורגל שהוקמה משורדי הנובה: ""ככה צריכה להיראות המדינה שלנו""",IsraelHayom
העירו את הדב: אולימפיאקוס העצבנית התחמשה כדי להחזיר את השליטה לידיה,IsraelHayom
"עמי דדאון עלה מהמקום השלישי, גמר ראשון לאריאל מליאר בפריז",IsraelHayom
במקום תרגול היוגה השבועי: מיצג מטלטל בכיכר החטופים לזכרה של כרמל גת,IsraelHayom
"הבן נפצע שלוש פעמים והשתחרר מצה""ל, את האב כולכם מכירים: ""אשן טוב בלילה""",IsraelHayom
"כוכב נבחרת איראן נגד השלטון: ""הם הרסו את המדינה""",IsraelHayom
"לקוחות אמריקן לייזר חושפים את עומק הפגיעה: ""אלה היו כל החסכונות שלי""",IsraelHayom
"שרת החוץ של גרמניה ברבוק: ""לחץ צבאי לבדו לא יסייע לשחרור החטופים""",IsraelHayom
חשיפת ה״בילד״: המסמך הסודי של סינוואר למערכה הפסיכולוגית נגד ישראל,IsraelHayom
"סן מרינו חגגה את הניצחון הנדיר, הבדיחה היא על חשבון היריבה",IsraelHayom
"בעקבות המחלוקת עם היועמ""שית: תוארך כהונת נציב שירות המדינה",IsraelHayom
"ארה""ב: פרטים חדשים נחשפו על המזימה האיראנית להתנקש בטראמפ",IsraelHayom
"חושבים בגדול: המותג ""JUMBO יוון"" פתח סניף שני בישראל",IsraelHayom
אמצעי בדרך ליעד: נבחרת ישראל צריכה לנצל את ליגת האומות כדי להיבנות מחדש,IsraelHayom
מה אדיר חושב על ורד?,IsraelHayom
משימת דופק: לזה אף אחד לא ציפה,IsraelHayom
"מחמאה זה לא, אבל הפועל תל אביב של היום היא מתנה לליגה הלאומית",IsraelHayom
"סקר ""האח הגדול"" מי יעזוב את הבית בשבת?",IsraelHayom
"""תאונת העבודה"" של הגנב עלתה ביוקר: נתפס לאחר שהגיע לבית החולים",IsraelHayom
"מזל טלה,  תחזית הורוסקופ שבועית, לשבוע של 06.09.2024 - 12.09.2024",IsraelHayom
"מזל שור,  תחזית הורוסקופ שבועית, לשבוע של 06.09.2024 - 12.09.2024",IsraelHayom
"מזל תאומים,  תחזית הורוסקופ שבועית, לשבוע של 06.09.2024 - 12.09.2024",IsraelHayom
"מזל סרטן,  תחזית הורוסקופ שבועית, לשבוע של 06.09.2024 - 12.09.2024",IsraelHayom
"מזל אריה,  תחזית הורוסקופ שבועית, לשבוע של 06.09.2024 - 12.09.2024",IsraelHayom
"מזל בתולה,  תחזית הורוסקופ שבועית, לשבוע של 06.09.2024 - 12.09.2024",IsraelHayom
"מזל מאזניים,  תחזית הורוסקופ שבועית, לשבוע של 06.09.2024 - 12.09.2024",IsraelHayom
"מזל עקרב,  תחזית הורוסקופ שבועית, לשבוע של 06.09.2024 - 12.09.2024",IsraelHayom
"מזל קשת,  תחזית הורוסקופ שבועית, לשבוע של 06.09.2024 - 12.09.2024",IsraelHayom
"מזל גדי,  תחזית הורוסקופ שבועית, לשבוע של 06.09.2024 - 12.09.2024",IsraelHayom
"מזל דלי,  תחזית הורוסקופ שבועית, לשבוע של 06.09.2024 - 12.09.2024",IsraelHayom
"מזל דגים,  תחזית הורוסקופ שבועית, לשבוע של 06.09.2024 - 12.09.2024",IsraelHayom
יפן: בדיקה רפואית בבתי הספר מעוררת זעם ומחאה,IsraelHayom
מסביב לעולם: מאכלים שמביאים מזל,IsraelHayom
"ספיר אביסרור משיקה מותג וג'ינס בגזרה מעולה: 5 פריטים לפתוח איתם את הסופ""ש",IsraelHayom
לאחר מותו הטרגי של הסולן: לינקין פארק חוזרת עם זמרת חדשה,IsraelHayom
אין אכיפה בררנית: נעצר אחרון החשודים במעורבות בקטטה בטרנר,IsraelHayom
"כריסטיאנו רונאלדו לא הצטנע כשהגיע ל-900 שערים, אך ידע להעריך את הרגע",IsraelHayom
"""הריאליטי"" של חמאס: לסובב את הסכין בפצע הישראלי",IsraelHayom
לפני החגים נכנסים לדיאטה: טעמנו מוצרים חדשים מופחתי סוכר וחזרנו לדווח,IsraelHayom
עסקת ענק: סיילספורס רוכשת את Own הישראלית בכשני מיליארד דולר,IsraelHayom
"אגדת הכדורגל הודיעה על פרישה, זה לא היה מה שהדהים את כולם",IsraelHayom
קצרה ומהירה או ארוכה ואיטית - איזו הליכה בריאה יותר?,IsraelHayom
"נבחרת ארגנטינה חגגה בלי ליאו מסי, זה השחקן ש""ירש"" את מספר 10",IsraelHayom
לא רק קוטור: גאגא על שער ווג,IsraelHayom
"סגנה של האריס צידד בפרו-פלשתינים: ""מוחים מהסיבות הנכונות""",IsraelHayom
"פרידה חושפת: ""לא יודעים עליי כלום""",IsraelHayom
קולות מהימים של לפני 7 באוקטובר: ממשלת הימין המלא-מלא מחפשת פתרונות,IsraelHayom
"נתוני השב""כ חושפים: המוטיבציה לפעולות טרור בעלייה - זינוק דרמטי בפיגועים שסוכלו ביו""ש",IsraelHayom
"בראד פיט ""היי בנטורל""",IsraelHayom
סתיו קצין לוהטת בבגד ים,IsraelHayom
"שלושה טילי נ""ט נורו לעבר מטולה - נזק נגרם לבית מלון",IsraelHayom
"""לא לצעוק בעברית"": החיים המסוכנים של דיפלומטים ישראלים בעולם",IsraelHayom
"מקור מצרי: ביקורו של הרמטכ""ל המצרי בגבול עזה הוא ""צעד מסלים"" נגד ישראל",IsraelHayom
השפעות המלחמה על הבריאות: 20% מהישראלים מדווחים על השמנה משמעותית,IsraelHayom
טראמפ מציע: אילון מאסק יעמוד בראש ועדת התייעלות ממשלתית,IsraelHayom
"חוויה מתקנת: אזרחי שוודיה העניקו לעדן גולן את ""פרס האירוויזיון מטעם העם השוודי""",IsraelHayom
"ראש המל""ל לשעבר: ""לישראל מגיע ראש ממשלה שיספר לציבור את האמת""",IsraelHayom
"ככל שיענו אותנו, כן נפרוץ: לא נפסיק להילחם עבורכם",IsraelHayom
"הגיע העת שארה""ב תמצה את מנופי הלחץ על חמאס",IsraelHayom
"יו""ר ארגון ""לגדל"": ""לא צריך לשאול את הרב על הקפאת ביציות""",IsraelHayom
"באישור המשפחה: התיעוד האחרון של הרש גולדברג פולין ז""ל שנרצח בשבי חמאס",IsraelHayom
בני איתן ושאר החטופים מחכים שישראל תשנה כיוון,IsraelHayom
על רקע השביתה: מסגרות חינוכיות חלופיות יופעלו החל מהשבוע הבא,IsraelHayom
לראשונה מזה 20 שנה: סן מרינו ניצחה במשחק כדורגל,IsraelHayom
לידיעת דני אבדיה: שחקן פורטלנד טרייל בלייזרס הצטלם עם כאפייה פלשתינית,IsraelHayom
כך השתמשה איראן בגורמים עברייניים כדי לנסות לפגוע בישראלים ויהודים באירופה,IsraelHayom
"בית המשפט הקפיא את קידומו של רפ""ק מאיר סויסה למפקד תחנת דרום תל אביב",IsraelHayom
ורד נשברת ולא מצליחה לעצור את הדמעות,IsraelHayom
"""אני מפחדת שאני הכרטיס שלך להישאר"": זוהר ושיר יוצאים לדייט",IsraelHayom
אוליבר או זוהר? - הבחירה של שיר,IsraelHayom
"""ברוח ובדם נפדה את פלשתין"": במחאה על המלחמה, וכהזדהות עם עזה וג'נין - הפגנה בחיפה",IsraelHayom
היסטורי: כריסטיאנו רונאלדו כבש את שערו ה-900 בקריירה,IsraelHayom
אפשר לעקוף את רן ארז,IsraelHayom
נער כבן 17 נהרג בתאונת דרכים בין אוטובוס פרטי לרכב בגוש עציון,IsraelHayom
"הפועל תל אביב כבר ראתה עוד משחק בורח לה, אבל הצליחה לנצח לראשונה בלאומית",IsraelHayom
"התכוון ברצינות? פוטין: ""נתמוך בהאריס""",IsraelHayom
"טראמפ בפני ארגון היהודים הרפובליקנים: ""ביידן והאריס לא תומכים בישראל - אם תצביעו דמוקרטים, אתם יכולים לשכוח מישראל""",IsraelHayom
"האופציה הריאלית ביותר היא לקבל את שליטת הרש""פ ברצועה",IsraelHayom
"השתפן? אחרי שהפסיד לדופלנטיס, שיאן העולם הודיע: ""לא ארוץ יותר השנה""",IsraelHayom
עדיין קיץ: לקראת עליה בטמפרטורות | תחזית מזג האוויר,IsraelHayom
"""סמל ראוי לערכיו"": נחנך גשר חדש לזכרו של אל״מ אסף חממי - הקצין הבכיר ביותר שנפל ב-7.10",IsraelHayom
מנדלבליט ביקש צו שיאסור את פרסום ההקלטות של עמית סגל - ובקשתו נדחתה,IsraelHayom
"למרות התבוסות הצפויות, רן בן שמעון מכוון להראות את הטוב שבנבחרת ישראל",IsraelHayom
המשרד להגנת הסביבה הוציא צו נגד מפעל בטון בירושלים שגרם זיהום אוויר חמור,IsraelHayom
עיתונאי עזתי הביע ביקורת על חמאס - ונעצר על ידי ארגון הטרור,IsraelHayom
גורם בכיר בממשל ביידן חושף: 90% מהעסקה כבר סוכם - ישראל הסכימה לדלל כוחות בציר פילדלפי,IsraelHayom
מילון כזבי עסקת החטופים,IsraelHayom
"""עד היום לא הציגו הוכחה שביבי הביא אותי. והם קוראים לעצמם עיתונאים?""",IsraelHayom
על הראש של ארדואן: המאזן של הספורטאים הישראלים מול הטורקים בפריז 2024,IsraelHayom
"בצפון, ביו""ש וברצועה: כך נכריע בכלל החזיתות",IsraelHayom
"ראש עיריית מדריד נגד ויניסיוס: ""לא נוכל לעמוד לצידו, הוא צריך להתנצל""",IsraelHayom
"מבצע ""מחנות קיץ"": ""הם זרקו מטען, תהרוג כמה שיותר מהם"" - 20 מחבלים חוסלו מהאוויר ביו""ש",IsraelHayom
"כוכב ""המירוץ למיליון"" מצא אהבה",IsraelHayom
מדליה היסטורית לישראל: נבחרת הכדורשער זכתה בכסף במשחקים הפראלימפיים,IsraelHayom
מסמכי ה-FBI חושפים: כך התכוונה רוסיה לתמרן את דעת הקהל בישראל,IsraelHayom
דיווח: סינוואר תכנן לברוח עם חטופים ומנהיגי חמאס לאיראן,IsraelHayom
"ראש ממשלת ספרד בנאום חריף: ""נמשיך לתמוך באונר""א ונפעיל לחץ בינלאומי על נתניהו""",IsraelHayom
עם ארונות מכוסים דגלי ישראל ובחולצות צהובות: המונים מפגינים ברחבי הארץ למען החזרת החטופים,IsraelHayom
"האחראי מטעם חמאס על המו""מ: ""התנאים לעסקת חטופים - סיום המלחמה ונסיגה מלאה מעזה""",IsraelHayom
